<?xml version="1.0" encoding="UTF-8"?>
<!DOCTYPE suite SYSTEM "https://testng.org/testng-1.0.dtd">
<suite name="InetBanking">
	
	<listeners>
		<listener class-name="com.inetbanking.utilities.Reporting"/>
	</listeners>
  <test thread-count="5" name="Banking App Test">
	  
	  <parameter name="browser" value="chrome"/>
	  
    <classes>
		 <!-- do not mention baseclass-->
      	<class name="com.inetbanking.testCases.TC_LoginTest_001"/>  
    	<class name="com.inetbanking.testCases.TC_LoginDDT_002"/>
      	<class name="com.inetbanking.testCases.TC_AddCustomer_003"/>
    </classes>
  </test> <!-- Banking App Test -->
</suite> <!-- InetBanking -->
